{"cameraMode":{"drawMode":0,"name":"Shaded","section":"Shading Mode"},"sceneLighting":true,"audioPlay":false,"sceneViewState":{"m_AlwaysRefresh":false,"showFog":true,"showSkybox":true,"showFlares":true,"showImageEffects":true,"showParticleSystems":true,"showVisualEffectGraphs":true,"m_FxEnabled":true},"in2DMode":false,"pivot":{"x":0.5411238670349121,"y":0.49649524688720705,"z":0.3691225051879883},"rotation":{"x":0.258046418428421,"y":0.00493141682818532,"z":-0.0013113684253767133,"w":0.9661314487457275},"size":7.946837425231934,"orthographic":false}