{"cameraMode":{"drawMode":0,"name":"Shaded","section":"Shading Mode"},"sceneLighting":true,"audioPlay":false,"sceneViewState":{"m_AlwaysRefresh":false,"showFog":true,"showSkybox":true,"showFlares":true,"showImageEffects":true,"showParticleSystems":true,"showVisualEffectGraphs":true,"m_FxEnabled":true},"in2DMode":false,"pivot":{"x":0.0877537727355957,"y":1.7616331577301026,"z":-19.507604598999025},"rotation":{"x":0.06129993498325348,"y":0.07240241020917893,"z":-0.004455571062862873,"w":0.9954901933670044},"size":12.12435531616211,"orthographic":false}